_id/$oid	dataset/availability	dataset/provenance	dataset/redundancy	dataset/splits	dataset/done	dataset/skip	evaluation/availability	evaluation/comparison	evaluation/confidence	evaluation/measure	evaluation/method	evaluation/done	evaluation/skip	model/availability	model/duration	model/interpretability	model/output	model/done	model/skip	optimization/algorithm	optimization/config	optimization/encoding	optimization/features	optimization/fitting	optimization/meta	optimization/parameters	optimization/regularization	optimization/done	optimization/skip	user/$oid	publication/pmid	publication/pmcid	publication/updated	publication/authors	publication/journal	publication/title	publication/doi	publication/year	publication/done	publication/skip	publication/tags	public	created/$date	updated/$date	uuid	reviewState	shortid	update
	Not applicable	Not applicable	Not applicable	Not applicable			Not applicable	Not applicable	Not applicable	Not applicable	Not applicable			Not applicable	Not applicable	Not applicable	Not applicable			Not applicable	Not applicable	Not applicable	Not applicable	Not applicable	Not applicable	Not applicable	Not applicable			6603042f92c76639b849e69f	18779814	PMC2701298		Kingsford C, Salzberg SL.	Nature biotechnology	What are decision trees?	10.1038/nbt0908-1011	2008										3/9/2022 11:12:23
																														Unknown	33181068	PMC7707106		Whittington JCR, Muller TH, Mark S, Chen G, Barry C, Burgess N, Behrens TEJ.	Cell	The Tolman-Eichenbaum Machine: Unifying Space and Relational Memory through Generalization in the Hippocampal Formation.	10.1016/j.cell.2020.10.024	2020										3/8/2022 16:07:15
																														6312169df3794236aa987a01	32905495	PMC7473040		Victory A, Letkiewicz A, Cochran AL.	Current opinion in systems biology	Digital solutions for shaping mood and behavior among individuals with mood disorders.	10.1016/j.coisb.2020.07.008	2020										2/15/2022 9:26:07
																														6312169df3794236aa987a01	31120879	PMC6532836		Papin JA, Mac Gabhann F.	PLoS computational biology	Wisdom of crowds in computational biology.	10.1371/journal.pcbi.1007032	2019										2/15/2022 9:29:17
																														6312169df3794236aa987a01	29614729	PMC5923460		Wang IH, Burckhardt CJ, Yakimovich A, Greber UF.	Viruses	Imaging, Tracking and Computational Analyses of Virus Entry and Egress with the Cytoskeleton.	10.3390/v10040166	2018										2/15/2022 9:35:20
																														6312169df3794236aa987a01	29614729	PMC5923460		Wang IH, Burckhardt CJ, Yakimovich A, Greber UF.	Viruses	Imaging, Tracking and Computational Analyses of Virus Entry and Egress with the Cytoskeleton.	10.3390/v10040166	2018										3/8/2022 16:13:28
																														6312169df3794236aa987a01	28854371			Lakshmikanth T, Olin A, Chen Y, Mikes J, Fredlund E, Remberger M, Omazic B, Brodin P.	Cell reports	Mass Cytometry and Topological Data Analysis Reveal Immune Parameters Associated with Complications after Allogeneic Stem Cell Transplantation.	10.1016/j.celrep.2017.08.021	2017										3/8/2022 15:57:30
																														6312169df3794236aa987a01	26101544	PMC4460208		Mendyk A, Güres S, Jachowicz R, Szlęk J, Polak S, Wiśniowska B, Kleinebudde P.	Computational and mathematical methods in medicine	From Heuristic to Mathematical Modeling of Drugs Dissolution Profiles: Application of Artificial Neural Networks and Genetic Programming.	10.1155/2015/863874	2015										3/8/2022 16:01:30
																														6312169df3794236aa987a01	20007729			Dosztányi Z, Mészáros B, Simon I.	Briefings in bioinformatics	Bioinformatical approaches to characterize intrinsically disordered/unstructured proteins.	10.1093/bib/bbp061	2010										2/15/2022 9:31:53
																														6312169df3794236aa987a01	20007729			Dosztányi Z, Mészáros B, Simon I.	Briefings in bioinformatics	Bioinformatical approaches to characterize intrinsically disordered/unstructured proteins.	10.1093/bib/bbp061	2010										3/8/2022 16:11:07
	Not suitable, it is a simulation on how the Argentinosaurus huinculensis may have moved despite its big size	Not suitable, it is a simulation on how the Argentinosaurus huinculensis may have moved despite its big size	Not suitable, it is a simulation on how the Argentinosaurus huinculensis may have moved despite its big size	Not suitable, it is a simulation on how the Argentinosaurus huinculensis may have moved despite its big size			Not suitable, it is a simulation on how the Argentinosaurus huinculensis may have moved despite its big size	Not suitable, it is a simulation on how the Argentinosaurus huinculensis may have moved despite its big size	Not suitable, it is a simulation on how the Argentinosaurus huinculensis may have moved despite its big size	Not suitable, it is a simulation on how the Argentinosaurus huinculensis may have moved despite its big size	Not suitable, it is a simulation on how the Argentinosaurus huinculensis may have moved despite its big size			Not suitable, it is a simulation on how the Argentinosaurus huinculensis may have moved despite its big size	Not suitable, it is a simulation on how the Argentinosaurus huinculensis may have moved despite its big size	Not suitable, it is a simulation on how the Argentinosaurus huinculensis may have moved despite its big size	Not suitable, it is a simulation on how the Argentinosaurus huinculensis may have moved despite its big size			Not suitable, it is a simulation on how the Argentinosaurus huinculensis may have moved despite its big size	Not suitable, it is a simulation on how the Argentinosaurus huinculensis may have moved despite its big size	Not suitable, it is a simulation on how the Argentinosaurus huinculensis may have moved despite its big size	Not suitable, it is a simulation on how the Argentinosaurus huinculensis may have moved despite its big size	Not suitable, it is a simulation on how the Argentinosaurus huinculensis may have moved despite its big size	Not suitable, it is a simulation on how the Argentinosaurus huinculensis may have moved despite its big size	Not suitable, it is a simulation on how the Argentinosaurus huinculensis may have moved despite its big size	Not suitable, it is a simulation on how the Argentinosaurus huinculensis may have moved despite its big size			6312169df3794236aa987a13	24348896	PMC3864407		Sellers WI, Margetts L, Coria RA, Manning PL.	PloS one	March of the titans: the locomotor capabilities of sauropod dinosaurs.	10.1371/journal.pone.0078733	2013										4/18/2022 16:39:51
	Not suitable. It is a BioCreative challenge report	Not suitable. It is a BioCreative challenge report	Not suitable. It is a BioCreative challenge report	Not suitable. It is a BioCreative challenge report			Not suitable. It is a BioCreative challenge report	Not suitable. It is a BioCreative challenge report	Not suitable. It is a BioCreative challenge report	Not suitable. It is a BioCreative challenge report	Not suitable. It is a BioCreative challenge report			Not suitable. It is a BioCreative challenge report	Not suitable. It is a BioCreative challenge report	Not suitable. It is a BioCreative challenge report	Not suitable. It is a BioCreative challenge report			Not suitable. It is a BioCreative challenge report	Not suitable. It is a BioCreative challenge report	Not suitable. It is a BioCreative challenge report	Not suitable. It is a BioCreative challenge report	Not suitable. It is a BioCreative challenge report	Not suitable. It is a BioCreative challenge report	Not suitable. It is a BioCreative challenge report	Not suitable. It is a BioCreative challenge report			6312169df3794236aa987a13	18834494	PMC2559987		Morgan AA, Lu Z, Wang X, Cohen AM, Fluck J, Ruch P, Divoli A, Fundel K, Leaman R, Hakenberg J, Sun C, Liu HH, Torres R, Krauthammer M, Lau WW, Liu H, Hsu CN, Schuemie M, Cohen KB, Hirschman L.	Genome biology	Overview of BioCreative II gene normalization.	10.1186/gb-2008-9-s2-s3	2008										4/18/2022 16:46:33
		The paper is a review and does not have a dataset.																												6312169df3794236aa987a03	31058383	PMC6832773		Kastanenka KV, Moreno-Bote R, De Pittà M, Perea G, Eraso-Pichot A, Masgrau R, Poskanzer KE, Galea E.	Glia	A roadmap to integrate astrocytes into Systems Neuroscience.	10.1002/glia.23632	2020										1/20/2022 16:11:17
	n/a. 	n/a. The paper is a database description.	n/a. 	n/a. 			n/a. 	n/a. 	n/a. 	n/a. 	n/a. 			n/a. 	n/a. 	n/a. 	n/a. 			n/a. 	n/a. 	n/a. 	n/a. 	n/a. 	n/a. 	n/a. 	n/a. 			6312169df3794236aa987a03	34345532	PMC8288037		Zhang W, Zeng B, Lin H, Guan W, Mo J, Wu S, Wei Y, Zhang Q, Yu D, Li W, Chan GC.	Oncoimmunology	CanImmunother: a manually curated database for identification of cancer immunotherapies associating with biomarkers, targets, and clinical effects.	10.1080/2162402x.2021.1944553	2021										1/21/2022 15:23:13
		The paper is an editorial and does not contain a ML approach.																												6312169df3794236aa987a03	26541179			Sun Z.	Epigenomics	High-throughput long noncoding RNA profiling for diagnostic and prognostic markers in cancer: opportunities and challenges.	10.2217/epi.15.69	2015										1/25/2022 10:53:26
		COMMENT:   --  Not Applicable   (A tool for metabolomics analyses is described, and a published ML work is reproduced using the tool, for demonstrative purposes)																												65faa4f792c76639b82bab29	32915321	PMC7497297		Wolthuis JC, Magnusdottir S, Pras-Raves M, Moshiri M, Jans JJM, Burgering B, van Mil S, de Ridder J.	Metabolomics : Official journal of the Metabolomic Society	MetaboShiny: interactive analysis and metabolite annotation of mass spectrometry-based metabolomics data.	10.1007/s11306-020-01717-8	2020										5/20/2022 15:30:03
		COMMENT --  Not applicable (Review)																												65faa4f792c76639b82bab29	32002757	PMC7598837		Galloway-Peña J, Hanson B.	Digestive diseases and sciences	Tools for Analysis of the Microbiome.	10.1007/s10620-020-06091-y	2020										5/20/2022 15:32:27
		COMMENT  --  Not applicable  (Editorial)																												65faa4f792c76639b82bab29	31849986	PMC6896948		Chain B, Greiff V, Textor J, Yaari G.	Frontiers in immunology	Editorial: Methods and Applications of Computational Immunology.	10.3389/fimmu.2019.02818	2019										5/20/2022 15:35:45
		COMMENT  --  Not Applicable (An ANN is used to model the evolution of a particular social behavior)																												65faa4f792c76639b82bab29	34034523	PMC8150043		Geoffroy F, André JB.	Proceedings. Biological sciences	The emergence of cooperation by evolutionary generalization.	10.1098/rspb.2021.0338	2021										5/20/2022 15:59:53
		COMMENT  --  Not Applicable (ML for wave-shape classification of brain-implant spike waves).																												65faa4f792c76639b82bab29	32606311	PMC7327047		Shaeri M, Sodagar AM.	Nature communications	A framework for on-implant spike sorting based on salient feature selection.	10.1038/s41467-020-17031-9	2020										5/20/2022 16:26:52
		COMMENT  --  Not applicable (the applied ML protocol is a unsupervised/supervised hybrid).																												65faa4f792c76639b82bab29	25823003	PMC4378968		Nguyen T, Khosravi A, Creighton D, Nahavandi S.	PloS one	Hierarchical gene selection and genetic fuzzy system for cancer microarray data classification.	10.1371/journal.pone.0120364	2015										5/20/2022 16:30:46
		COMMENT  --  Not Applicable, in my opinion   (the paper appears to deal more with a statistical model, than with ML, even though the ML terminology is used throughout).																												65faa4f792c76639b82bab29	28332994	PMC5377911		Hall DC, Trofimov AV, Winey BA, Liebsch NJ, Paganetti H.	International journal of radiation oncology, biology, physics	Predicting Patient-specific Dosimetric Benefits of Proton Therapy for Skull-base Tumors Using a Geometric Knowledge-based Method.	10.1016/j.ijrobp.2017.01.236	2017										5/20/2022 16:33:36
		COMMENT  --  Not applicable  (Editorial).																												65faa4f792c76639b82bab29	33583184			Kleinstreuer NC, Tetko IV, Tong W.	Chemical research in toxicology	Introduction to Special Issue: Computational Toxicology.	10.1021/acs.chemrestox.1c00032	2021										5/20/2022 16:36:48
		COMMENT  --  Not Applicable (Commentary)																												65faa4f792c76639b82bab29	32711252	PMC7387776		Firouzi F, Sussman MA.	EBioMedicine	Blood speaks: Personalised medicine profiling for heart failure patients.	10.1016/j.ebiom.2020.102900	2020										5/20/2022 16:56:35
		COMMENT  --  Not Applicable, in my opinion.  An elastic net algorithm is used just to produce a measure of predictability (coefficient of determination, R-squared) for 50 biomarkers as a function of patient's age.																												65faa4f792c76639b82bab29	30822279	PMC6428110		Le Goallec A, Patel CJ.	Aging	Age-dependent co-dependency structure of biomarkers in the general population of the United States.	10.18632/aging.101842	2019										5/20/2022 17:48:29
		COMMENT  --  Not Applicable (parameters are changed in a computational model, simulating a network of firing neurons, with the aim of qualitatively reproducing the loss of physiological functions observed in real neuronal tissues with aging).																												65faa4f792c76639b82bab29	33497380	PMC7864437		Talyansky S, Brinkman BAW.	PLoS computational biology	Dysregulation of excitatory neural firing replicates physiological and functional changes in aging visual cortex.	10.1371/journal.pcbi.1008620	2021										5/20/2022 17:51:20
		COMMENT  --  Not Applicable, in my opinion.  ML in applied to 4D image processing.																												65faa4f792c76639b82bab29	32437685	PMC7250142		Rosenberg J, Cao G, Borja-Prieto F, Huang J.	Cell systems	Lattice Light-Sheet Microscopy Multi-dimensional Analyses (LaMDA) of T-Cell Receptor Dynamics Predict T-Cell Signaling States.	10.1016/j.cels.2020.04.006	2020										5/20/2022 17:53:58
		Not Applicable  (Review)																												65faa4f792c76639b82bab29	24895853	PMC4113968		Petrey D, Honig B.	Annual review of biophysics	Structural bioinformatics of the interactome.	10.1146/annurev-biophys-051013-022726	2014										5/20/2022 17:58:08
		NA (review)																												6312169df3794236aa9879f4	32850117	PMC7431967		Swinney DC, Lee JA.	F1000Research	Recent advances in phenotypic drug discovery.	10.12688/f1000research.25813.1	2020										2/8/2022 16:40:46
		NA: No machine learning																												6312169df3794236aa9879f4	33194817	PMC7658686		Xu C, Jia Q, Zhang L, Wang Z, Zhu S, Wang X, Liu Y, Li M, Zhang J, Wang X, Zhang J, Sun Q, Wang K, Zhu H, Duan L.	Frontiers in cellular and infection microbiology	Multiomics Study of Gut Bacteria and Host Metabolism in Irritable Bowel Syndrome and Depression Patients.	10.3389/fcimb.2020.580980	2020										3/18/2022 15:33:59
	not applicable	not applicable	not applicable	not applicable			not applicable	not applicable	not applicable	not applicable	not applicable			not applicable	not applicable	not applicable	not applicable			not applicable	not applicable	not applicable	not applicable	not applicable	not applicable	not applicable	not applicable			6312169df3794236aa987a1b	25280899	PMC4208705		Waardenberg AJ, Ramialison M, Bouveret R, Harvey RP.	Cold Spring Harbor perspectives in medicine	Genetic networks governing heart development.	10.1101/cshperspect.a013839	2014										1/26/2022 14:42:39
	Document type: Note	Document type: Note	Document type: Note	Document type: Note			Document type: Note	Document type: Note	Document type: Note	Document type: Note	Document type: Note			Document type: Note	Document type: Note	Document type: Note	Document type: Note			Document type: Note	Document type: Note	Document type: Note	Document type: Note	Document type: Note	Document type: Note	Document type: Note	Document type: Note			6312169df3794236aa987a1b	34526509	PMC8443583			Nature communications	Causality in digital medicine.	10.1038/s41467-021-25743-9	2021										3/24/2022 11:27:01
	review	review	review	review			review	review	review	review	review			review	review	review	review			review	review	review	review	review	review	review	review			6312169df3794236aa987a1b	33260881	PMC7760368		Lancaster SM, Sanghi A, Wu S, Snyder MP.	Biomolecules	A Customizable Analysis Flow in Integrative Multi-Omics.	10.3390/biom10121606	2020										3/23/2022 11:07:07
	Document type: Data Paper	Document type: Data Paper	Document type: Data Paper	Document type: Data Paper			Document type: Data Paper	Document type: Data Paper	Document type: Data Paper	Document type: Data Paper	Document type: Data Paper			Document type: Data Paper	Document type: Data Paper	Document type: Data Paper	Document type: Data Paper			Document type: Data Paper	Document type: Data Paper	Document type: Data Paper	Document type: Data Paper	Document type: Data Paper	Document type: Data Paper	Document type: Data Paper	Document type: Data Paper			6312169df3794236aa987a1b	16634365			Venables PJ.	Lupus	Mixed connective tissue disease.	10.1191/0961203306lu2283rr	2006										3/24/2022 11:32:52
	without open access	without open access	without open access	without open access			without open access	without open access	without open access	without open access	without open access			without open access	without open access	without open access	without open access			without open access	without open access	without open access	without open access	without open access	without open access	without open access	without open access			6312169df3794236aa987a1b	19630524	PMC2791337		Lanz C, Patterson AD, Slavík J, Krausz KW, Ledermann M, Gonzalez FJ, Idle JR.	Radiation research	Radiation metabolomics. 3. Biomarker discovery in the urine of gamma-irradiated rats using a simplified metabolomics protocol of gas chromatography-mass spectrometry combined with random forests machine learning algorithm.	10.1667/rr1796.1	2009										3/23/2022 10:30:20
